<?xml version="1.0" encoding="UTF-8" standalone="yes"?>
<addon id="script.module.ONE" name="ONE.MEDIA SCRIPT" version="02.2018" provider-name="ONE.DIY">
  <requires>
    <import addon="xbmc.python" version="2.1.0"/>
	<import addon="script.module.requests" />
	<import addon="script.module.urlresolver" />
    <import addon="script.module.beautifulsoup4" />
	<import addon="script.video.F4mProxy" />
  </requires>
  <extension point="xbmc.python.pluginsource" library="default.py">
        <provides>all</provides>
  </extension>
  <extension point="xbmc.addon.metadata">
    <summary lang="en">ONE.IPTV SCRIPT - Ứng dụng dành cho KODI 17+ trở lên!</summary>
    <description lang="en">Ứng dụng giải trí xem phim, truyền hình trực tuyến miễn phí bằng internet. Vì vậy người dùng phải hoàn toàn đồng ý chịu trách nhiệm về mọi hình thức trước khi sử dụng chương trình này</description>
	<disclaimer lang="en">Tác giả không lưu trữ hoặc sở hữu bất kỳ nội dung nào được tìm thấy trong ứng dụng này (tất cả được sưu tầm qua mạng internet). Vì vậy chúng tôi hoàn toàn không chịu trách nhiệm bất cứ hành vi nào về pháp lý.</disclaimer>
    <platform>all</platform>
	  <news>Hãy giữ liên lạc với chúng tôi qua facebook để được cập nhật @IOSinU hoặc page  https://www.facebook.com/IOSinU/ </news>
  </extension>
</addon>
